{
    "NIRSCoordinateSystem": "Other",
    "NIRSCoordinateUnits": "mm",
    "AnatomicalLandmarkCoordinates": {
        "Nz": [
            6.790456142033849e-15,
            232.7963850141746,
            1.2483513011956763e-14
        ],
        "Iz": [
            0.0,
            0.0,
            0.0
        ],
        "RPA": [
            72.30905444269574,
            113.48030070887769,
            -51.617099483520775
        ],
        "LPA": [
            -19.064011902643735,
            108.98419287464195,
            89.35733077550583
        ],
        "Cz": [
            -99.59500584382795,
            123.24887893950105,
            -63.55646710975086
        ]
    }
}