{
    "NIRSCoordinateSystem": "Other",
    "NIRSCoordinateUnits": "mm",
    "AnatomicalLandmarkCoordinates": {
        "Nz": [
            1.716930516392895e-14,
            218.14825708800393,
            -1.0445656688836791e-14
        ],
        "Iz": [
            0.0,
            0.0,
            0.0
        ],
        "RPA": [
            78.53048629608281,
            110.00210692189407,
            15.680859129748725
        ],
        "LPA": [
            -65.25824931857935,
            120.96376829191391,
            -56.992900843916665
        ],
        "Cz": [
            -69.75698200040924,
            119.54283411510967,
            116.23228057145265
        ]
    }
}