{
    "NIRSCoordinateSystem": "Other",
    "NIRSCoordinateUnits": "mm",
    "AnatomicalLandmarkCoordinates": {
        "Nz": [
            1.3236999514734762e-14,
            197.63377713410682,
            5.1701291650683836e-15
        ],
        "Iz": [
            0.0,
            0.0,
            0.0
        ],
        "RPA": [
            78.45402729497391,
            98.25677848216837,
            36.624466125611775
        ],
        "LPA": [
            -44.27786833484324,
            99.59243357493165,
            -76.48939048065623
        ],
        "Cz": [
            -100.50648666966973,
            107.93829532800518,
            106.85315704045317
        ]
    }
}