{
    "NIRSCoordinateSystem": "Other",
    "NIRSCoordinateUnits": "mm",
    "AnatomicalLandmarkCoordinates": {
        "Nz": [
            1.9423436838521735e-15,
            209.4418639184626,
            4.489667268717794e-14
        ],
        "Iz": [
            0.0,
            0.0,
            0.0
        ],
        "RPA": [
            79.57395358751198,
            105.52557084120491,
            -15.113801101522403
        ],
        "LPA": [
            -80.15020869765513,
            108.24288103944876,
            -15.053284057728295
        ],
        "Cz": [
            -0.557217954857073,
            124.61385622578398,
            131.800062809832
        ]
    }
}