{
    "NIRSCoordinateSystem": "Other",
    "NIRSCoordinateUnits": "mm",
    "AnatomicalLandmarkCoordinates": {
        "Nz": [
            -1.6738197566175262e-14,
            234.71979479439,
            -2.297011774419105e-14
        ],
        "Iz": [
            0.0,
            0.0,
            0.0
        ],
        "RPA": [
            12.56417352219622,
            120.39070408285542,
            -86.24343887077399
        ],
        "LPA": [
            -43.53595612887928,
            123.9518086064853,
            87.92742177374205
        ],
        "Cz": [
            135.2238300575524,
            132.12264944026992,
            53.965166571898465
        ]
    }
}