{
    "NIRSCoordinateSystem": "Other",
    "NIRSCoordinateUnits": "mm",
    "AnatomicalLandmarkCoordinates": {
        "Nz": [
            -2.808684781034348e-14,
            222.77831226883222,
            -1.4861727314195303e-14
        ],
        "Iz": [
            0.0,
            0.0,
            0.0
        ],
        "RPA": [
            7.551455239090529,
            124.55037540206999,
            -86.8349620959142
        ],
        "LPA": [
            -48.25650475077394,
            117.25672953902252,
            75.49846407919117
        ],
        "Cz": [
            130.13085699741612,
            120.51461152085305,
            46.3268545289339
        ]
    }
}