{
    "NIRSCoordinateSystem": "Other",
    "NIRSCoordinateUnits": "mm",
    "AnatomicalLandmarkCoordinates": {
        "Nz": [
            -1.3177343713058762e-15,
            207.3026635667694,
            -2.840503483501149e-14
        ],
        "Iz": [
            0.0,
            0.0,
            0.0
        ],
        "RPA": [
            68.10532803022824,
            107.41706162376647,
            -44.48629117553945
        ],
        "LPA": [
            -106.89723644795235,
            119.31909233145798,
            -24.096313817089083
        ],
        "Cz": [
            13.119925465313766,
            115.27084063628546,
            124.15322267339722
        ]
    }
}