{
    "NIRSCoordinateSystem": "Other",
    "NIRSCoordinateUnits": "mm",
    "AnatomicalLandmarkCoordinates": {
        "Nz": [
            3.8985586960349723e-14,
            220.8913679204801,
            2.712696419595861e-15
        ],
        "Iz": [
            0.0,
            0.0,
            0.0
        ],
        "RPA": [
            82.97573604642062,
            117.4481417109414,
            -35.12392217254554
        ],
        "LPA": [
            -83.86055387231947,
            120.8203334998891,
            -35.12155103364902
        ],
        "Cz": [
            2.6805618455088744,
            118.7268289441029,
            131.24334402023874
        ]
    }
}