{
    "NIRSCoordinateSystem": "Other",
    "NIRSCoordinateUnits": "mm",
    "AnatomicalLandmarkCoordinates": {
        "Nz": [
            4.441943880930431e-15,
            229.53254496824292,
            3.5248355747641384e-14
        ],
        "Iz": [
            0.0,
            0.0,
            0.0
        ],
        "RPA": [
            83.4166114512006,
            120.98042873810121,
            -45.72294301458649
        ],
        "LPA": [
            -94.87759529153234,
            133.1568892374846,
            -45.486087247700496
        ],
        "Cz": [
            -17.96704384081543,
            131.84590190228423,
            128.11504983439994
        ]
    }
}