{
    "NIRSCoordinateSystem": "Other",
    "NIRSCoordinateUnits": "mm",
    "AnatomicalLandmarkCoordinates": {
        "Nz": [
            2.043721878787861e-14,
            217.12336003506434,
            6.805167067479576e-14
        ],
        "Iz": [
            0.0,
            0.0,
            0.0
        ],
        "RPA": [
            75.66430968696945,
            106.31676777388333,
            -17.19406144353637
        ],
        "LPA": [
            -79.15669803870985,
            110.99108244470274,
            -16.95855932608815
        ],
        "Cz": [
            0.019649052347794793,
            121.3687413088798,
            146.94386318492158
        ]
    }
}