{
    "NIRSCoordinateSystem": "Other",
    "NIRSCoordinateUnits": "mm",
    "AnatomicalLandmarkCoordinates": {
        "Nz": [
            2.598307576811127e-14,
            210.10029849474057,
            5.251668718750671e-14
        ],
        "Iz": [
            0.0,
            0.0,
            0.0
        ],
        "RPA": [
            63.28978563010111,
            110.56922029476156,
            -55.72610773263141
        ],
        "LPA": [
            -84.00481718214075,
            108.73089633780458,
            11.58361411710346
        ],
        "Cz": [
            54.13955566999565,
            103.77011444519034,
            119.95449904576478
        ]
    }
}