{
    "NIRSCoordinateSystem": "Other",
    "NIRSCoordinateUnits": "mm",
    "AnatomicalLandmarkCoordinates": {
        "Nz": [
            5.384557225478547e-15,
            224.5972992127813,
            1.362265428268889e-14
        ],
        "Iz": [
            0.0,
            0.0,
            0.0
        ],
        "RPA": [
            76.34479600090421,
            108.40444549471218,
            -47.23602636413345
        ],
        "LPA": [
            -99.80682398434085,
            112.76804531119208,
            -0.2450226587765485
        ],
        "Cz": [
            34.64386758983592,
            124.09895930683754,
            133.15282189222987
        ]
    }
}