{
    "NIRSCoordinateSystem": "Other",
    "NIRSCoordinateUnits": "mm",
    "AnatomicalLandmarkCoordinates": {
        "Nz": [
            5.510885060130561e-15,
            220.8424498566567,
            4.227488227639719e-14
        ],
        "Iz": [
            0.0,
            0.0,
            0.0
        ],
        "RPA": [
            84.7993687090511,
            118.3707374229345,
            -25.065821007044676
        ],
        "LPA": [
            -79.7795551561563,
            118.76514394412933,
            -25.062195397027132
        ],
        "Cz": [
            10.148282783807531,
            121.09914633103934,
            131.46695143750665
        ]
    }
}