{
    "NIRSCoordinateSystem": "Other",
    "NIRSCoordinateUnits": "mm",
    "AnatomicalLandmarkCoordinates": {
        "Nz": [
            0.0,
            206.6798650495067,
            0.0
        ],
        "Iz": [
            0.0,
            0.0,
            0.0
        ],
        "RPA": [
            84.75607763874166,
            105.95825195364507,
            -20.629046886631528
        ],
        "LPA": [
            -85.7838062790704,
            124.25424090472742,
            -29.308284255684605
        ],
        "Cz": [
            -12.319445130981297,
            130.55973749148902,
            135.17870951736688
        ]
    }
}