{
    "NIRSCoordinateSystem": "Other",
    "NIRSCoordinateUnits": "mm",
    "AnatomicalLandmarkCoordinates": {
        "Nz": [
            -2.633865903633339e-14,
            233.4819476342757,
            -1.777686695823166e-14
        ],
        "Iz": [
            0.0,
            0.0,
            0.0
        ],
        "RPA": [
            85.69731378628914,
            127.69898026115735,
            -61.16629352708851
        ],
        "LPA": [
            -95.89801446562069,
            130.08814956973862,
            -61.13841911365009
        ],
        "Cz": [
            12.060162865546431,
            117.14196539033013,
            105.74177860731493
        ]
    }
}