{
    "NIRSCoordinateSystem": "Other",
    "NIRSCoordinateUnits": "mm",
    "AnatomicalLandmarkCoordinates": {
        "Nz": [
            2.8596890237728835e-14,
            198.13644857976908,
            6.504558141907692e-14
        ],
        "Iz": [
            0.0,
            0.0,
            0.0
        ],
        "RPA": [
            34.31867189049775,
            98.86838418844503,
            -67.46329768426976
        ],
        "LPA": [
            -71.9073097688854,
            111.50757507576245,
            46.58274586304621
        ],
        "Cz": [
            100.02467348825277,
            113.9471826371277,
            76.9869434213378
        ]
    }
}