{
    "NIRSCoordinateSystem": "Other",
    "NIRSCoordinateUnits": "mm",
    "AnatomicalLandmarkCoordinates": {
        "Nz": [
            1.68331425480945e-14,
            229.21750361836683,
            3.9168620572911956e-14
        ],
        "Iz": [
            0.0,
            0.0,
            0.0
        ],
        "RPA": [
            24.61254193934192,
            127.70812620868222,
            -79.18128086748975
        ],
        "LPA": [
            -97.91289374265862,
            143.76782892271356,
            47.491753223373955
        ],
        "Cz": [
            91.72776525340487,
            106.82351579096185,
            91.66785687509675
        ]
    }
}