{
    "NIRSCoordinateSystem": "Other",
    "NIRSCoordinateUnits": "mm",
    "AnatomicalLandmarkCoordinates": {
        "Nz": [
            1.9853028102494173e-14,
            230.139763789824,
            -3.1231488332666285e-15
        ],
        "Iz": [
            0.0,
            0.0,
            0.0
        ],
        "RPA": [
            86.67706570935019,
            119.62494705873883,
            -32.83908733191535
        ],
        "LPA": [
            -99.95178641275695,
            136.23913241285783,
            -33.856503794928976
        ],
        "Cz": [
            -2.3127757782185085,
            118.13578859667918,
            138.76184732542464
        ]
    }
}