{
    "NIRSCoordinateSystem": "Other",
    "NIRSCoordinateUnits": "mm",
    "AnatomicalLandmarkCoordinates": {
        "Nz": [
            2.958400835034111e-15,
            215.9073994000209,
            2.83230802538578e-14
        ],
        "Iz": [
            0.0,
            0.0,
            0.0
        ],
        "RPA": [
            87.40490419322678,
            121.45410358717226,
            -37.287756167889206
        ],
        "LPA": [
            -85.63505447068403,
            119.51321754696313,
            -37.02170297190673
        ],
        "Cz": [
            -0.12201548482440039,
            122.90990899300864,
            132.5858236929427
        ]
    }
}