{
    "NIRSCoordinateSystem": "Other",
    "NIRSCoordinateUnits": "mm",
    "AnatomicalLandmarkCoordinates": {
        "Nz": [
            3.4887200925918487e-15,
            196.0917154121143,
            6.712723732451016e-16
        ],
        "Iz": [
            0.0,
            0.0,
            0.0
        ],
        "RPA": [
            80.57514690046985,
            101.7513861517712,
            -14.563774878043851
        ],
        "LPA": [
            -69.7718761330008,
            103.07674719585361,
            -14.562650873423424
        ],
        "Cz": [
            -43.08024794015685,
            142.83832511706595,
            125.74252953085735
        ]
    }
}