{
    "NIRSCoordinateSystem": "Other",
    "NIRSCoordinateUnits": "mm",
    "AnatomicalLandmarkCoordinates": {
        "Nz": [
            4.856066446956635e-15,
            206.98437715802166,
            1.3355411277805e-14
        ],
        "Iz": [
            0.0,
            0.0,
            0.0
        ],
        "RPA": [
            80.98027387260032,
            121.72928829409412,
            -29.750408727564203
        ],
        "LPA": [
            -84.84578822567599,
            107.98090128180215,
            -28.164869038273224
        ],
        "Cz": [
            0.38307454640009553,
            121.23133633332908,
            124.89739113530842
        ]
    }
}