{
    "NIRSCoordinateSystem": "Other",
    "NIRSCoordinateUnits": "mm",
    "AnatomicalLandmarkCoordinates": {
        "Nz": [
            2.7232006530863207e-14,
            209.79116260020206,
            8.111132486129181e-14
        ],
        "Iz": [
            0.0,
            0.0,
            0.0
        ],
        "RPA": [
            55.9689225089067,
            115.63063329178846,
            -73.92159405046152
        ],
        "LPA": [
            -85.59250434882452,
            103.81616971621833,
            -2.011327189593686
        ],
        "Cz": [
            52.786992233010295,
            89.79321528152515,
            89.56138444993243
        ]
    }
}