{
    "NIRSCoordinateSystem": "Other",
    "NIRSCoordinateUnits": "mm",
    "AnatomicalLandmarkCoordinates": {
        "Nz": [
            1.2155640128082635e-14,
            219.18617042579928,
            -7.361304559188281e-15
        ],
        "Iz": [
            0.0,
            0.0,
            0.0
        ],
        "RPA": [
            16.34839922937082,
            113.4726382690847,
            -83.28173300315841
        ],
        "LPA": [
            -62.255894159974886,
            113.12177579731106,
            67.05492409133204
        ],
        "Cz": [
            121.64729684695033,
            113.7591409834076,
            54.3415247867497
        ]
    }
}