{
    "NIRSCoordinateSystem": "Other",
    "NIRSCoordinateUnits": "mm",
    "AnatomicalLandmarkCoordinates": {
        "Nz": [
            -1.0820624450733153e-14,
            205.95292235229556,
            -5.5804017366865806e-14
        ],
        "Iz": [
            0.0,
            0.0,
            0.0
        ],
        "RPA": [
            63.54477308826391,
            107.16933776025019,
            -51.706726583459314
        ],
        "LPA": [
            -84.17568363644082,
            116.08749437370504,
            6.3962222335677
        ],
        "Cz": [
            50.78120933660898,
            109.6143506538534,
            119.10114730096399
        ]
    }
}