{
    "NIRSCoordinateSystem": "Other",
    "NIRSCoordinateUnits": "mm",
    "AnatomicalLandmarkCoordinates": {
        "Nz": [
            3.9921988937390953e-14,
            210.49125056521197,
            -4.671395206516624e-15
        ],
        "Iz": [
            0.0,
            0.0,
            0.0
        ],
        "RPA": [
            -47.20040315728968,
            102.12446249532582,
            -71.0493341659656
        ],
        "LPA": [
            -11.092176268204383,
            109.8507807378032,
            81.78015760387743
        ],
        "Cz": [
            119.35656442491211,
            131.0851745586861,
            -22.436398714673302
        ]
    }
}