{
    "NIRSCoordinateSystem": "Other",
    "NIRSCoordinateUnits": "mm",
    "AnatomicalLandmarkCoordinates": {
        "Nz": [
            -1.7481914580623035e-15,
            219.44282711823163,
            -1.4543520648249968e-14
        ],
        "Iz": [
            0.0,
            0.0,
            0.0
        ],
        "RPA": [
            92.82297965081807,
            109.74266334513086,
            -7.704808209797536
        ],
        "LPA": [
            -69.73818161630354,
            106.60587810060606,
            -49.09262700697211
        ],
        "Cz": [
            -27.525945535820433,
            134.0053209849046,
            126.47708245490422
        ]
    }
}