{
    "NIRSCoordinateSystem": "Other",
    "NIRSCoordinateUnits": "mm",
    "AnatomicalLandmarkCoordinates": {
        "Nz": [
            9.260635043748518e-15,
            230.2374440305438,
            8.505803806247524e-14
        ],
        "Iz": [
            0.0,
            0.0,
            0.0
        ],
        "RPA": [
            73.46234204900233,
            119.03308346403878,
            -57.51383232442056
        ],
        "LPA": [
            -92.48627065051532,
            122.25473035211365,
            9.21860485688919
        ],
        "Cz": [
            51.81705131474987,
            125.5789692336534,
            128.71135316767578
        ]
    }
}