{
    "NIRSCoordinateSystem": "Other",
    "NIRSCoordinateUnits": "mm",
    "AnatomicalLandmarkCoordinates": {
        "Nz": [
            -3.0653580836129375e-14,
            204.46788927937916,
            8.372570728621937e-15
        ],
        "Iz": [
            0.0,
            0.0,
            0.0
        ],
        "RPA": [
            81.3362375780056,
            111.37469413112404,
            -25.488884023732968
        ],
        "LPA": [
            -87.2546709832852,
            116.41222709538683,
            -25.556271550108253
        ],
        "Cz": [
            -12.294518079223558,
            136.35356822172787,
            125.84347250166408
        ]
    }
}