{
    "NIRSCoordinateSystem": "Other",
    "NIRSCoordinateUnits": "mm",
    "AnatomicalLandmarkCoordinates": {
        "Nz": [
            1.3352622422759798e-14,
            218.73409806725618,
            1.841738929002143e-14
        ],
        "Iz": [
            0.0,
            0.0,
            0.0
        ],
        "RPA": [
            -92.38988614508234,
            128.33037616609482,
            -27.713516003462175
        ],
        "LPA": [
            50.23572508394181,
            113.78718765064532,
            57.49896574258475
        ],
        "Cz": [
            55.124600380966044,
            126.24753531891568,
            -109.76023231129288
        ]
    }
}