{
    "NIRSCoordinateSystem": "Other",
    "NIRSCoordinateUnits": "mm",
    "AnatomicalLandmarkCoordinates": {
        "Nz": [
            0.0,
            240.84673184412716,
            0.0
        ],
        "Iz": [
            0.0,
            0.0,
            0.0
        ],
        "RPA": [
            86.68349910435407,
            132.06799554561186,
            -34.1414778330518
        ],
        "LPA": [
            -83.1679910705188,
            135.87169483945107,
            -34.691390764161014
        ],
        "Cz": [
            1.9635184141822286,
            139.93418430229525,
            138.48686605448222
        ]
    }
}