{
    "NIRSCoordinateSystem": "Other",
    "NIRSCoordinateUnits": "mm",
    "AnatomicalLandmarkCoordinates": {
        "Nz": [
            1.3720769354195807e-15,
            219.47941674083015,
            -1.4144461694241625e-14
        ],
        "Iz": [
            0.0,
            0.0,
            0.0
        ],
        "RPA": [
            90.49377931647548,
            110.69904807656258,
            -17.991446902496588
        ],
        "LPA": [
            -79.88568624561475,
            122.56274604786195,
            -23.001657890402196
        ],
        "Cz": [
            5.055190049667193,
            115.62061006200112,
            126.70364757830271
        ]
    }
}