{
    "NIRSCoordinateSystem": "Other",
    "NIRSCoordinateUnits": "mm",
    "AnatomicalLandmarkCoordinates": {
        "Nz": [
            -2.8336440322873965e-14,
            220.65835700696329,
            -8.16647821529062e-14
        ],
        "Iz": [
            0.0,
            0.0,
            0.0
        ],
        "RPA": [
            80.49127547659458,
            115.1353721880296,
            -35.32271225395752
        ],
        "LPA": [
            -85.51238825346013,
            113.8586385568572,
            -35.313706326180565
        ],
        "Cz": [
            -1.8917393190420668,
            107.83491773830978,
            111.03649511853592
        ]
    }
}