{
    "NIRSCoordinateSystem": "Other",
    "NIRSCoordinateUnits": "mm",
    "AnatomicalLandmarkCoordinates": {
        "Nz": [
            0.0,
            208.99824181352264,
            0.0
        ],
        "Iz": [
            0.0,
            0.0,
            0.0
        ],
        "RPA": [
            85.8200316828451,
            103.6950065551631,
            -5.160757716252274
        ],
        "LPA": [
            -57.80364294095081,
            111.91933943553778,
            69.20026573779936
        ],
        "Cz": [
            -65.27631100587062,
            127.99842329537768,
            -115.15004275831328
        ]
    }
}