{
    "NIRSCoordinateSystem": "Other",
    "NIRSCoordinateUnits": "mm",
    "AnatomicalLandmarkCoordinates": {
        "Nz": [
            0.0,
            227.40739050507915,
            0.0
        ],
        "Iz": [
            0.0,
            0.0,
            0.0
        ],
        "RPA": [
            82.65938959000448,
            115.83557773680197,
            -37.484067869752124
        ],
        "LPA": [
            -88.35052818655248,
            118.55043617957362,
            -37.21038488517483
        ],
        "Cz": [
            3.0155459270672322,
            125.73465083171492,
            127.74881185637982
        ]
    }
}