{
    "NIRSCoordinateSystem": "Other",
    "NIRSCoordinateUnits": "mm",
    "AnatomicalLandmarkCoordinates": {
        "Nz": [
            5.2176754760462205e-15,
            223.2544318354612,
            -1.500704342291944e-14
        ],
        "Iz": [
            0.0,
            0.0,
            0.0
        ],
        "RPA": [
            73.27174342104507,
            118.12186985774967,
            -44.45794435602456
        ],
        "LPA": [
            -92.28263388664779,
            126.28726898919187,
            -2.368496684384308
        ],
        "Cz": [
            38.063691770674524,
            131.5925036651754,
            131.70227729718238
        ]
    }
}