{
    "NIRSCoordinateSystem": "Other",
    "NIRSCoordinateUnits": "mm",
    "AnatomicalLandmarkCoordinates": {
        "Nz": [
            -3.527643297152199e-15,
            230.38287887280165,
            4.213160946289015e-16
        ],
        "Iz": [
            0.0,
            0.0,
            0.0
        ],
        "RPA": [
            83.41029337681557,
            120.93771300171842,
            -28.866478690777086
        ],
        "LPA": [
            -79.46422574295083,
            129.8121211910592,
            -26.72611877204107
        ],
        "Cz": [
            -1.9180696506195538,
            138.26816250725352,
            132.05976489426232
        ]
    }
}