{
    "NIRSCoordinateSystem": "Other",
    "NIRSCoordinateUnits": "mm",
    "AnatomicalLandmarkCoordinates": {
        "Nz": [
            1.9060137323931382e-15,
            213.05440874455925,
            1.4082453741749263e-14
        ],
        "Iz": [
            0.0,
            0.0,
            0.0
        ],
        "RPA": [
            72.37361955657882,
            109.3212100427478,
            -45.27773078423439
        ],
        "LPA": [
            -83.99970030447022,
            112.89259004846137,
            -2.462073976031741
        ],
        "Cz": [
            25.057199470735206,
            107.33596514672665,
            126.41043818099969
        ]
    }
}