{
    "NIRSCoordinateSystem": "Other",
    "NIRSCoordinateUnits": "mm",
    "AnatomicalLandmarkCoordinates": {
        "Nz": [
            1.1410196525153284e-14,
            224.5351678815617,
            7.049116474144829e-14
        ],
        "Iz": [
            0.0,
            0.0,
            0.0
        ],
        "RPA": [
            57.86059807226291,
            114.35449391614883,
            -64.39450482641404
        ],
        "LPA": [
            -97.22006616281719,
            116.50395391711176,
            24.40200795849783
        ],
        "Cz": [
            53.88211447624607,
            122.64000572967812,
            132.1119056136524
        ]
    }
}