{
    "NIRSCoordinateSystem": "Other",
    "NIRSCoordinateUnits": "mm",
    "AnatomicalLandmarkCoordinates": {
        "Nz": [
            -5.778115602000499e-15,
            215.18947984366838,
            -4.238833188747424e-14
        ],
        "Iz": [
            0.0,
            0.0,
            0.0
        ],
        "RPA": [
            83.39462007759093,
            121.87152907924343,
            -23.504427644425135
        ],
        "LPA": [
            -79.33541506562347,
            115.00972357935866,
            -20.041241025082225
        ],
        "Cz": [
            2.2796084950074977,
            119.1319159140624,
            133.7343253371391
        ]
    }
}