{
    "NIRSCoordinateSystem": "Other",
    "NIRSCoordinateUnits": "mm",
    "AnatomicalLandmarkCoordinates": {
        "Nz": [
            9.49317423179507e-16,
            203.25931528444153,
            -2.0074749809230644e-14
        ],
        "Iz": [
            0.0,
            0.0,
            0.0
        ],
        "RPA": [
            -20.885308789581664,
            103.03074809288952,
            -81.00239822200149
        ],
        "LPA": [
            -36.32148680300391,
            103.22362316275107,
            81.84193715592008
        ],
        "Cz": [
            120.5747805647726,
            124.96432569771751,
            27.381766855550225
        ]
    }
}