{
    "NIRSCoordinateSystem": "Other",
    "NIRSCoordinateUnits": "mm",
    "AnatomicalLandmarkCoordinates": {
        "Nz": [
            6.265132843618062e-14,
            225.58973502844964,
            3.64069942501833e-14
        ],
        "Iz": [
            0.0,
            0.0,
            0.0
        ],
        "RPA": [
            -32.022886849128724,
            120.80777991624983,
            -88.41130390814456
        ],
        "LPA": [
            -10.626471286693558,
            116.01801058603354,
            84.87532491308582
        ],
        "Cz": [
            136.6540903841473,
            117.96736708636477,
            -24.90041665783143
        ]
    }
}