{
    "NIRSCoordinateSystem": "Other",
    "NIRSCoordinateUnits": "mm",
    "AnatomicalLandmarkCoordinates": {
        "Nz": [
            0.0,
            214.09575637530867,
            0.0
        ],
        "Iz": [
            0.0,
            0.0,
            0.0
        ],
        "RPA": [
            75.10283130096104,
            114.86608787530957,
            -23.744774279690873
        ],
        "LPA": [
            -71.87349458083689,
            115.4725749370234,
            -23.752689889743877
        ],
        "Cz": [
            -2.328827576896252,
            105.98217892211014,
            128.54594694145436
        ]
    }
}