{
    "NIRSCoordinateSystem": "Other",
    "NIRSCoordinateUnits": "mm",
    "AnatomicalLandmarkCoordinates": {
        "Nz": [
            9.598255973438506e-15,
            222.1480797398956,
            -1.0479593217531445e-14
        ],
        "Iz": [
            0.0,
            0.0,
            0.0
        ],
        "RPA": [
            75.42679216290394,
            116.66335978480262,
            -37.21289687934807
        ],
        "LPA": [
            -87.766095140709,
            125.64113703122251,
            -37.48256006181499
        ],
        "Cz": [
            0.9956450599841844,
            114.53194657722604,
            130.96385858729104
        ]
    }
}