{
    "NIRSCoordinateSystem": "Other",
    "NIRSCoordinateUnits": "mm",
    "AnatomicalLandmarkCoordinates": {
        "Nz": [
            -1.0531166746067524e-14,
            224.14827563041612,
            -1.6402735498529643e-15
        ],
        "Iz": [
            0.0,
            0.0,
            0.0
        ],
        "RPA": [
            75.69840181268341,
            117.67779853165734,
            -6.9152343192810655
        ],
        "LPA": [
            -76.86235071521541,
            119.64808642434028,
            -55.53893530734853
        ],
        "Cz": [
            -34.01060678910068,
            118.74652527867529,
            119.56577499755059
        ]
    }
}