{
    "NIRSCoordinateSystem": "Other",
    "NIRSCoordinateUnits": "mm",
    "AnatomicalLandmarkCoordinates": {
        "Nz": [
            1.4210814941103576e-14,
            206.24113823008247,
            -3.3622110082387894e-17
        ],
        "Iz": [
            0.0,
            0.0,
            0.0
        ],
        "RPA": [
            -33.53114321582088,
            104.58528607855504,
            -73.56000822428523
        ],
        "LPA": [
            -82.92705052894564,
            36.37440953526392,
            -73.64239583915372
        ],
        "Cz": [
            131.89723678067327,
            127.56014376205896,
            -19.70060483324973
        ]
    }
}