{
    "NIRSCoordinateSystem": "Other",
    "NIRSCoordinateUnits": "mm",
    "AnatomicalLandmarkCoordinates": {
        "Nz": [
            1.1242900514720059e-14,
            226.4825221537984,
            1.1226427645819985e-14
        ],
        "Iz": [
            0.0,
            0.0,
            0.0
        ],
        "RPA": [
            83.38825215974487,
            124.89565073391904,
            -37.6483259075752
        ],
        "LPA": [
            -98.89149029575402,
            137.58786899320546,
            -37.79582141838856
        ],
        "Cz": [
            -12.90570673361539,
            138.1528350681955,
            124.49563419548855
        ]
    }
}