{
    "NIRSCoordinateSystem": "Other",
    "NIRSCoordinateUnits": "mm",
    "AnatomicalLandmarkCoordinates": {
        "Nz": [
            0.0,
            224.18742123719466,
            0.0
        ],
        "Iz": [
            0.0,
            0.0,
            0.0
        ],
        "RPA": [
            85.89172508803335,
            112.44371043210084,
            -18.732699665791564
        ],
        "LPA": [
            -84.74190206917918,
            117.84333386319528,
            -18.60453823494938
        ],
        "Cz": [
            3.2233229907841903,
            137.12498023622163,
            136.2853686334177
        ]
    }
}