{
    "NIRSCoordinateSystem": "Other",
    "NIRSCoordinateUnits": "mm",
    "AnatomicalLandmarkCoordinates": {
        "Nz": [
            1.4675658895531017e-14,
            227.1379936883464,
            2.818451693155156e-14
        ],
        "Iz": [
            0.0,
            0.0,
            0.0
        ],
        "RPA": [
            74.27760189715926,
            118.55121199781584,
            -30.072892995671488
        ],
        "LPA": [
            -94.87979790498564,
            126.82596628796892,
            -29.926272553499093
        ],
        "Cz": [
            -13.835023811275178,
            128.56033590914336,
            135.93378136307558
        ]
    }
}