{
    "NIRSCoordinateSystem": "Other",
    "NIRSCoordinateUnits": "mm",
    "AnatomicalLandmarkCoordinates": {
        "Nz": [
            -5.5159704458412384e-15,
            222.89354351443637,
            1.3569975543851257e-14
        ],
        "Iz": [
            0.0,
            0.0,
            0.0
        ],
        "RPA": [
            87.90391136547983,
            118.96696870095133,
            7.836250913420774
        ],
        "LPA": [
            -75.31953355486618,
            114.03712153455554,
            -38.95989198890434
        ],
        "Cz": [
            -31.282650365717558,
            127.08737992710229,
            134.85185736610453
        ]
    }
}