{
    "NIRSCoordinateSystem": "Other",
    "NIRSCoordinateUnits": "mm",
    "AnatomicalLandmarkCoordinates": {
        "Nz": [
            2.548133903211884e-14,
            214.22714333511357,
            -2.652099974378562e-15
        ],
        "Iz": [
            0.0,
            0.0,
            0.0
        ],
        "RPA": [
            -57.95110534681581,
            95.0433316457882,
            -51.88401109932758
        ],
        "LPA": [
            41.97019236431464,
            127.16294436953288,
            96.14878417194961
        ],
        "Cz": [
            122.7438199455307,
            130.44700571876436,
            -69.43638845186605
        ]
    }
}