{
    "NIRSCoordinateSystem": "Other",
    "NIRSCoordinateUnits": "mm",
    "AnatomicalLandmarkCoordinates": {
        "Nz": [
            7.521964510272153e-15,
            216.76604688188647,
            1.2056883579216698e-14
        ],
        "Iz": [
            0.0,
            0.0,
            0.0
        ],
        "RPA": [
            13.701395597957351,
            113.01060904616057,
            -91.12263365096503
        ],
        "LPA": [
            -62.705202772965464,
            109.30907541415482,
            64.8218820898873
        ],
        "Cz": [
            103.99195573210966,
            115.20003154210288,
            52.641033704296675
        ]
    }
}