{
    "NIRSCoordinateSystem": "Other",
    "NIRSCoordinateUnits": "mm",
    "AnatomicalLandmarkCoordinates": {
        "Nz": [
            2.1456377549961795e-15,
            200.6809758039629,
            -1.4047940431284366e-14
        ],
        "Iz": [
            0.0,
            0.0,
            0.0
        ],
        "RPA": [
            87.8537573854844,
            112.75418540747847,
            -20.015816131411988
        ],
        "LPA": [
            -79.07560055785056,
            108.396437043109,
            -20.39091801590136
        ],
        "Cz": [
            2.075100959550543,
            115.56235734757736,
            132.74156043927852
        ]
    }
}