{
    "NIRSCoordinateSystem": "Other",
    "NIRSCoordinateUnits": "mm",
    "AnatomicalLandmarkCoordinates": {
        "Nz": [
            2.2059601898243493e-14,
            223.49031478712362,
            3.6481632223904444e-14
        ],
        "Iz": [
            0.0,
            0.0,
            0.0
        ],
        "RPA": [
            83.75174979622568,
            127.43163524557801,
            -54.54409667507346
        ],
        "LPA": [
            -88.92750189922596,
            146.05920637629427,
            -52.87405339247156
        ],
        "Cz": [
            -13.261407346919945,
            102.89021114269006,
            101.27100344752898
        ]
    }
}