{
    "NIRSCoordinateSystem": "Other",
    "NIRSCoordinateUnits": "mm",
    "AnatomicalLandmarkCoordinates": {
        "Nz": [
            -1.194124923571652e-14,
            211.17167843334673,
            -7.70421692497548e-15
        ],
        "Iz": [
            0.0,
            0.0,
            0.0
        ],
        "RPA": [
            78.96419709417378,
            115.0524503485739,
            -32.23536256224267
        ],
        "LPA": [
            -77.05591735045411,
            110.48112022237288,
            -32.339193461430355
        ],
        "Cz": [
            1.7305903181433067,
            118.38310788304362,
            123.79237139952679
        ]
    }
}