{
    "NIRSCoordinateSystem": "Other",
    "NIRSCoordinateUnits": "mm",
    "AnatomicalLandmarkCoordinates": {
        "Nz": [
            2.2634221111132428e-14,
            237.3661729710686,
            8.055050045344177e-16
        ],
        "Iz": [
            0.0,
            0.0,
            0.0
        ],
        "RPA": [
            96.50297826965821,
            122.00452772153272,
            -29.75978281591755
        ],
        "LPA": [
            -81.69371229278323,
            126.83965809473241,
            -29.757448768772527
        ],
        "Cz": [
            -2.7286720970813683,
            122.62703883444809,
            136.7787293175837
        ]
    }
}