{
    "NIRSCoordinateSystem": "Other",
    "NIRSCoordinateUnits": "mm",
    "AnatomicalLandmarkCoordinates": {
        "Nz": [
            3.2323399778672664e-15,
            197.3422038615132,
            4.2509851845151055e-14
        ],
        "Iz": [
            0.0,
            0.0,
            0.0
        ],
        "RPA": [
            72.90953130939066,
            111.60981806231199,
            -19.457466018035788
        ],
        "LPA": [
            -81.66123599862247,
            109.73470527831765,
            -19.30692875305755
        ],
        "Cz": [
            -5.49280670388497,
            115.90114941961103,
            123.68882828597631
        ]
    }
}