{
    "NIRSCoordinateSystem": "Other",
    "NIRSCoordinateUnits": "mm",
    "AnatomicalLandmarkCoordinates": {
        "Nz": [
            0.0,
            208.4352621345285,
            0.0
        ],
        "Iz": [
            0.0,
            0.0,
            0.0
        ],
        "RPA": [
            81.92306122449895,
            112.1477002163044,
            -21.570100941217966
        ],
        "LPA": [
            -81.63718821593619,
            109.86275957760915,
            -21.64311774594161
        ],
        "Cz": [
            -2.6419421893338857,
            120.08176108124516,
            131.819653456334
        ]
    }
}