{
    "NIRSCoordinateSystem": "Other",
    "NIRSCoordinateUnits": "mm",
    "AnatomicalLandmarkCoordinates": {
        "Nz": [
            5.593299708335268e-14,
            230.00763742455678,
            1.2375831406134662e-14
        ],
        "Iz": [
            0.0,
            0.0,
            0.0
        ],
        "RPA": [
            83.37662150612842,
            125.83059844935417,
            -51.44433586067857
        ],
        "LPA": [
            -84.28941826206974,
            136.00669942486184,
            -51.1641633276298
        ],
        "Cz": [
            -19.074248672689947,
            129.730849121631,
            121.38770153091464
        ]
    }
}