{
    "NIRSCoordinateSystem": "Other",
    "NIRSCoordinateUnits": "mm",
    "AnatomicalLandmarkCoordinates": {
        "Nz": [
            3.4787935196939654e-15,
            221.83922457534868,
            7.209508519111829e-16
        ],
        "Iz": [
            0.0,
            0.0,
            0.0
        ],
        "RPA": [
            84.44843321567491,
            123.66706797632611,
            -33.54708740663439
        ],
        "LPA": [
            -84.2726930627877,
            118.05676597574978,
            -33.527761709114266
        ],
        "Cz": [
            1.865334290499085,
            130.0742195006363,
            124.85003945873288
        ]
    }
}