{
    "NIRSCoordinateSystem": "Other",
    "NIRSCoordinateUnits": "mm",
    "AnatomicalLandmarkCoordinates": {
        "Nz": [
            -5.735897966672958e-15,
            207.218389486256,
            -1.3001840879371506e-14
        ],
        "Iz": [
            0.0,
            0.0,
            0.0
        ],
        "RPA": [
            83.49001315845351,
            116.46947957180262,
            -43.18548481930242
        ],
        "LPA": [
            -83.3122980963762,
            115.59179145585551,
            -43.18025045137988
        ],
        "Cz": [
            -0.8740675488959795,
            106.56184957736477,
            114.68309933664696
        ]
    }
}