{
    "NIRSCoordinateSystem": "Other",
    "NIRSCoordinateUnits": "mm",
    "AnatomicalLandmarkCoordinates": {
        "Nz": [
            -8.42114188724199e-15,
            207.84470189077825,
            -1.1446954225972839e-14
        ],
        "Iz": [
            0.0,
            0.0,
            0.0
        ],
        "RPA": [
            -3.80731975825352,
            105.65318560607747,
            -80.65536106942604
        ],
        "LPA": [
            -50.71996859394608,
            105.92425615941923,
            69.79026539539714
        ],
        "Cz": [
            119.73417603206968,
            103.13593236932165,
            35.43602955703617
        ]
    }
}