{
    "NIRSCoordinateSystem": "Other",
    "NIRSCoordinateUnits": "mm",
    "AnatomicalLandmarkCoordinates": {
        "Nz": [
            -1.7814686448624942e-14,
            222.0730650484722,
            9.302350789469125e-15
        ],
        "Iz": [
            0.0,
            0.0,
            0.0
        ],
        "RPA": [
            95.68045674116266,
            125.27080175390458,
            -35.53961564128588
        ],
        "LPA": [
            -90.84169468197257,
            130.84597798117653,
            -35.80559038918462
        ],
        "Cz": [
            7.863978670695339,
            135.70892259328593,
            129.86439671135494
        ]
    }
}