{
    "NIRSCoordinateSystem": "Other",
    "NIRSCoordinateUnits": "mm",
    "AnatomicalLandmarkCoordinates": {
        "Nz": [
            -7.048336174857142e-15,
            206.51534829972903,
            -8.98918850811877e-16
        ],
        "Iz": [
            0.0,
            0.0,
            0.0
        ],
        "RPA": [
            79.9296825337135,
            105.36794307754076,
            -6.037375265801963
        ],
        "LPA": [
            -76.80945648053584,
            109.67900538209966,
            -46.20797819879751
        ],
        "Cz": [
            -40.57974100455543,
            138.3896780006131,
            120.552496615419
        ]
    }
}