{
    "NIRSCoordinateSystem": "Other",
    "NIRSCoordinateUnits": "mm",
    "AnatomicalLandmarkCoordinates": {
        "Nz": [
            1.3584903626673824e-14,
            215.97241689601194,
            -4.171185106245395e-15
        ],
        "Iz": [
            0.0,
            0.0,
            0.0
        ],
        "RPA": [
            49.720033130820234,
            108.24759843970254,
            -64.19522444779533
        ],
        "LPA": [
            -82.8124070027933,
            117.13212655879208,
            24.682815643304618
        ],
        "Cz": [
            74.74237905890752,
            124.70608271546094,
            110.00569134631193
        ]
    }
}