{
    "NIRSCoordinateSystem": "Other",
    "NIRSCoordinateUnits": "mm",
    "AnatomicalLandmarkCoordinates": {
        "Nz": [
            1.8753777690930744e-14,
            221.6046091058961,
            3.8939933819698565e-14
        ],
        "Iz": [
            0.0,
            0.0,
            0.0
        ],
        "RPA": [
            52.539751484177735,
            109.52747664897389,
            -66.23472817524396
        ],
        "LPA": [
            -87.70645040418432,
            108.94072665012777,
            23.13189765488752
        ],
        "Cz": [
            67.09779991162945,
            118.24133194101375,
            115.08693652813423
        ]
    }
}